Gene ID	source_id	Product Description	Gene Name or Symbol	Ortholog count	Paralog count	Tet- Cont (CDS only)	BFd3 (CDS only)	BFd6 (CDS only)	PF (CDS only)	BFd3/Tet- (CDS only)	BFd6/Tet- (CDS only)	PF/Tet- (CDS only)	Tet- Cont (CDS+UTR)	BFd3 (CDS+UTR)	BFd6 (CDS+UTR)	PF (CDS+UTR)	BFd3/Tet- (CDS+UTR)	BFd6/Tet- (CDS+UTR)	PF/Tet- (CDS+UTR)	Organism	# Exons in Gene	# Exons in Transcript	# Transcripts	Annotated 3' UTR length	Annotated 5' UTR length	Gene Strand	Gene Type	Is Pseudo	Transcript Length	Apollo Product Description	Deprecated?	Previous ID(s)	Transcript Product Description
LdBPK_020680.1	LdBPK_020680.1.1	ATP-dependent Clp protease subunit, heat shock protein 78 (HSP78), putative	N/A	194	1	N/A	N/A	N/A	N/A	N/A	N/A	N/A	N/A	N/A	N/A	N/A	N/A	N/A	N/A	Leishmania donovani BPK282A1	1	1	1	N/A	N/A	forward	protein coding gene	No	2454	None	No	N/A	ATP-dependent Clp protease subunit, heat shock protein 78 (HSP78), putative
LdBPK_020710.1	LdBPK_020710.1.1	peptidyl-dipeptidase, putative	N/A	161	2	N/A	N/A	N/A	N/A	N/A	N/A	N/A	N/A	N/A	N/A	N/A	N/A	N/A	N/A	Leishmania donovani BPK282A1	1	1	1	N/A	N/A	forward	protein coding gene	No	2037	None	No	N/A	peptidyl-dipeptidase, putative
LdBPK_030080.1	LdBPK_030080.1.1	DNA primase large subunit, putative	pril	74	0	N/A	N/A	N/A	N/A	N/A	N/A	N/A	N/A	N/A	N/A	N/A	N/A	N/A	N/A	Leishmania donovani BPK282A1	1	1	1	N/A	N/A	forward	protein coding gene	No	1704	None	No	N/A	DNA primase large subunit, putative
LdBPK_030190.1	LdBPK_030190.1.1	delta-1-pyrroline-5-carboxylate dehydrogenase, putative	N/A	79	0	N/A	N/A	N/A	N/A	N/A	N/A	N/A	N/A	N/A	N/A	N/A	N/A	N/A	N/A	Leishmania donovani BPK282A1	1	1	1	N/A	N/A	forward	protein coding gene	No	1683	None	No	N/A	delta-1-pyrroline-5-carboxylate dehydrogenase, putative
LdBPK_040060.1	LdBPK_040060.1.1	hypothetical protein, conserved	N/A	73	0	N/A	N/A	N/A	N/A	N/A	N/A	N/A	N/A	N/A	N/A	N/A	N/A	N/A	N/A	Leishmania donovani BPK282A1	1	1	1	N/A	N/A	forward	protein coding gene	No	1590	None	No	N/A	hypothetical protein, conserved
LdBPK_050740.1	LdBPK_050740.1.1	Vta1 like, putative	N/A	68	0	N/A	N/A	N/A	N/A	N/A	N/A	N/A	N/A	N/A	N/A	N/A	N/A	N/A	N/A	Leishmania donovani BPK282A1	1	1	1	N/A	N/A	forward	protein coding gene	No	1095	None	No	N/A	Vta1 like, putative
LdBPK_060110.1	LdBPK_060110.1.1	hypothetical protein, conserved	N/A	73	0	N/A	N/A	N/A	N/A	N/A	N/A	N/A	N/A	N/A	N/A	N/A	N/A	N/A	N/A	Leishmania donovani BPK282A1	1	1	1	N/A	N/A	reverse	protein coding gene	No	1806	None	No	N/A	hypothetical protein, conserved
LdBPK_060340.1	LdBPK_060340.1.1	oligopeptidase B-like protein	N/A	147	1	N/A	N/A	N/A	N/A	N/A	N/A	N/A	N/A	N/A	N/A	N/A	N/A	N/A	N/A	Leishmania donovani BPK282A1	1	1	1	N/A	N/A	reverse	protein coding gene	No	2718	None	No	N/A	oligopeptidase B-like protein
LdBPK_060410.1	LdBPK_060410.1.1	60S ribosomal protein L19, putative	N/A	123	0	N/A	N/A	N/A	N/A	N/A	N/A	N/A	N/A	N/A	N/A	N/A	N/A	N/A	N/A	Leishmania donovani BPK282A1	1	1	1	N/A	N/A	forward	protein coding gene	No	738	None	No	N/A	60S ribosomal protein L19, putative
LdBPK_060910.1	LdBPK_060910.1.1	acyl-coenzyme a dehydrogenase, putative	N/A	66	0	N/A	N/A	N/A	N/A	N/A	N/A	N/A	N/A	N/A	N/A	N/A	N/A	N/A	N/A	Leishmania donovani BPK282A1	1	1	1	N/A	N/A	forward	protein coding gene	No	1251	None	No	N/A	acyl-coenzyme a dehydrogenase, putative
LdBPK_060960.1	LdBPK_060960.1.1	2,4-dienoyl-coa reductase-like protein	N/A	67	0	N/A	N/A	N/A	N/A	N/A	N/A	N/A	N/A	N/A	N/A	N/A	N/A	N/A	N/A	Leishmania donovani BPK282A1	1	1	1	N/A	N/A	forward	protein coding gene	No	2193	None	No	N/A	2,4-dienoyl-coa reductase-like protein
LdBPK_070130.1	LdBPK_070130.1.1	ATP-dependent RNA helicase DBP2B, putative	DBP2B	144	1	N/A	N/A	N/A	N/A	N/A	N/A	N/A	N/A	N/A	N/A	N/A	N/A	N/A	N/A	Leishmania donovani BPK282A1	1	1	1	N/A	N/A	forward	protein coding gene	No	1635	None	No	N/A	ATP-dependent RNA helicase DBP2B, putative
LdBPK_070820.1	LdBPK_070820.1.1	malonyl-coa decarboxylase-like protein	N/A	69	0	N/A	N/A	N/A	N/A	N/A	N/A	N/A	N/A	N/A	N/A	N/A	N/A	N/A	N/A	Leishmania donovani BPK282A1	1	1	1	N/A	N/A	forward	protein coding gene	No	2394	None	No	N/A	malonyl-coa decarboxylase-like protein
LdBPK_080780.1	LdBPK_080780.1.1	amastin-like protein	N/A	232	3	N/A	N/A	N/A	N/A	N/A	N/A	N/A	N/A	N/A	N/A	N/A	N/A	N/A	N/A	Leishmania donovani BPK282A1	1	1	1	N/A	N/A	forward	protein coding gene	No	582	None	No	N/A	amastin-like protein
LdBPK_080960.1	LdBPK_080960.1.1	cathepsin L-like protease (fragment)	N/A	637	2	N/A	N/A	N/A	N/A	N/A	N/A	N/A	N/A	N/A	N/A	N/A	N/A	N/A	N/A	Leishmania donovani BPK282A1	1	1	1	N/A	N/A	reverse	protein coding gene	No	1035	None	No	N/A	cathepsin L-like protease (fragment)
LdBPK_090300.1	LdBPK_090300.1.1	hypothetical protein, conserved	N/A	46	0	N/A	N/A	N/A	N/A	N/A	N/A	N/A	N/A	N/A	N/A	N/A	N/A	N/A	N/A	Leishmania donovani BPK282A1	1	1	1	N/A	N/A	forward	protein coding gene	No	2982	None	No	N/A	hypothetical protein, conserved
LdBPK_091100.1	LdBPK_091100.1.1	phospholipid:diacylglycerol acyltransferase, putative	N/A	71	0	N/A	N/A	N/A	N/A	N/A	N/A	N/A	N/A	N/A	N/A	N/A	N/A	N/A	N/A	Leishmania donovani BPK282A1	1	1	1	N/A	N/A	reverse	protein coding gene	No	2061	None	No	N/A	phospholipid:diacylglycerol acyltransferase, putative
LdBPK_100210.1	LdBPK_100210.1.1	nucleolar protein 56, putative	NOP56	72	0	N/A	N/A	N/A	N/A	N/A	N/A	N/A	N/A	N/A	N/A	N/A	N/A	N/A	N/A	Leishmania donovani BPK282A1	1	1	1	N/A	N/A	forward	protein coding gene	No	1422	None	No	N/A	nucleolar protein 56, putative
LdBPK_100390.1	LdBPK_100390.1.1	folate/biopterin transporter, putative (fragment)	N/A	656	10	N/A	N/A	N/A	N/A	N/A	N/A	N/A	N/A	N/A	N/A	N/A	N/A	N/A	N/A	Leishmania donovani BPK282A1	1	1	1	N/A	N/A	forward	protein coding gene	No	915	None	No	N/A	folate/biopterin transporter, putative (fragment)
LdBPK_100600.1	LdBPK_100600.1.1	hypothetical protein, conserved	N/A	68	0	N/A	N/A	N/A	N/A	N/A	N/A	N/A	N/A	N/A	N/A	N/A	N/A	N/A	N/A	Leishmania donovani BPK282A1	1	1	1	N/A	N/A	reverse	protein coding gene	No	1296	None	No	N/A	hypothetical protein, conserved
LdBPK_101160.1	LdBPK_101160.1.1	Eukaryotic translation initiation factor 4 gamma 5	eif4g5	74	0	N/A	N/A	N/A	N/A	N/A	N/A	N/A	N/A	N/A	N/A	N/A	N/A	N/A	N/A	Leishmania donovani BPK282A1	1	1	1	N/A	N/A	reverse	protein coding gene	No	2349	None	No	N/A	Eukaryotic translation initiation factor 4 gamma 5
LdBPK_110020.1	LdBPK_110020.1.1	Endoplasmic Reticulum-Golgi Intermediate Compartment (ERGIC)/Endoplasmic reticulum vesicle transporter, putative	N/A	66	0	N/A	N/A	N/A	N/A	N/A	N/A	N/A	N/A	N/A	N/A	N/A	N/A	N/A	N/A	Leishmania donovani BPK282A1	1	1	1	N/A	N/A	forward	protein coding gene	No	1107	None	No	N/A	Endoplasmic Reticulum-Golgi Intermediate Compartment (ERGIC)/Endoplasmic reticulum vesicle transporter, putative
LdBPK_120490.1	LdBPK_120490.1.1	glucose-6-phosphate isomerase	N/A	68	0	N/A	N/A	N/A	N/A	N/A	N/A	N/A	N/A	N/A	N/A	N/A	N/A	N/A	N/A	Leishmania donovani BPK282A1	1	1	1	N/A	N/A	forward	protein coding gene	No	1818	None	No	N/A	glucose-6-phosphate isomerase
LdBPK_130560.1	LdBPK_130560.1.1	mannose-specific lectin, putative	N/A	64	0	N/A	N/A	N/A	N/A	N/A	N/A	N/A	N/A	N/A	N/A	N/A	N/A	N/A	N/A	Leishmania donovani BPK282A1	1	1	1	N/A	N/A	forward	protein coding gene	No	1239	None	No	N/A	mannose-specific lectin, putative
LdBPK_140140.1	LdBPK_140140.1.1	histone acetyltransferase, putative	N/A	73	0	N/A	N/A	N/A	N/A	N/A	N/A	N/A	N/A	N/A	N/A	N/A	N/A	N/A	N/A	Leishmania donovani BPK282A1	1	1	1	N/A	N/A	forward	protein coding gene	No	1578	None	No	N/A	histone acetyltransferase, putative
LdBPK_150600.1	LdBPK_150600.1.1	signal peptidase subunit, putative	N/A	37	0	N/A	N/A	N/A	N/A	N/A	N/A	N/A	N/A	N/A	N/A	N/A	N/A	N/A	N/A	Leishmania donovani BPK282A1	1	1	1	N/A	N/A	forward	protein coding gene	No	978	None	No	N/A	signal peptidase subunit, putative
LdBPK_151140.1	LdBPK_151140.1.1	tryparedoxin peroxidase	N/A	250	2	N/A	N/A	N/A	N/A	N/A	N/A	N/A	N/A	N/A	N/A	N/A	N/A	N/A	N/A	Leishmania donovani BPK282A1	1	1	1	N/A	N/A	reverse	protein coding gene	No	600	None	No	N/A	tryparedoxin peroxidase
LdBPK_151290.1	LdBPK_151290.1.1	hypothetical protein, conserved	N/A	68	0	N/A	N/A	N/A	N/A	N/A	N/A	N/A	N/A	N/A	N/A	N/A	N/A	N/A	N/A	Leishmania donovani BPK282A1	1	1	1	N/A	N/A	reverse	protein coding gene	No	1629	None	No	N/A	hypothetical protein, conserved
LdBPK_151400.1	LdBPK_151400.1.1	2OG-Fe(II) oxygenase superfamily, putative	N/A	62	0	N/A	N/A	N/A	N/A	N/A	N/A	N/A	N/A	N/A	N/A	N/A	N/A	N/A	N/A	Leishmania donovani BPK282A1	1	1	1	N/A	N/A	reverse	protein coding gene	No	915	None	No	N/A	2OG-Fe(II) oxygenase superfamily, putative
LdBPK_151430.1	LdBPK_151430.1.1	nucleolar RNA binding protein, putative	N/A	66	0	N/A	N/A	N/A	N/A	N/A	N/A	N/A	N/A	N/A	N/A	N/A	N/A	N/A	N/A	Leishmania donovani BPK282A1	1	1	1	N/A	N/A	reverse	protein coding gene	No	1338	None	No	N/A	nucleolar RNA binding protein, putative
LdBPK_160220.1	LdBPK_160220.1.1	mitochondrial ornithine transporter 1-like protein	N/A	38	0	N/A	N/A	N/A	N/A	N/A	N/A	N/A	N/A	N/A	N/A	N/A	N/A	N/A	N/A	Leishmania donovani BPK282A1	1	1	1	N/A	N/A	reverse	protein coding gene	No	1152	None	No	N/A	mitochondrial ornithine transporter 1-like protein
LdBPK_170920.1	LdBPK_170920.1.1	hypothetical protein, conserved	N/A	36	0	N/A	N/A	N/A	N/A	N/A	N/A	N/A	N/A	N/A	N/A	N/A	N/A	N/A	N/A	Leishmania donovani BPK282A1	1	1	1	N/A	N/A	reverse	protein coding gene	No	1638	None	No	N/A	hypothetical protein, conserved
LdBPK_171260.1	LdBPK_171260.1.1	UDP-sugar pyrophosphorylase	N/A	59	0	N/A	N/A	N/A	N/A	N/A	N/A	N/A	N/A	N/A	N/A	N/A	N/A	N/A	N/A	Leishmania donovani BPK282A1	1	1	1	N/A	N/A	forward	protein coding gene	No	1893	None	No	N/A	UDP-sugar pyrophosphorylase
LdBPK_180360.1	LdBPK_180360.1.1	GPI-anchor transamidase subunit 8 (GPI8), putative	N/A	66	0	N/A	N/A	N/A	N/A	N/A	N/A	N/A	N/A	N/A	N/A	N/A	N/A	N/A	N/A	Leishmania donovani BPK282A1	1	1	1	N/A	N/A	reverse	protein coding gene	No	1071	None	No	N/A	GPI-anchor transamidase subunit 8 (GPI8), putative
LdBPK_181050.1	LdBPK_181050.1.1	5-oxoprolinase, putative	N/A	67	0	N/A	N/A	N/A	N/A	N/A	N/A	N/A	N/A	N/A	N/A	N/A	N/A	N/A	N/A	Leishmania donovani BPK282A1	1	1	1	N/A	N/A	forward	protein coding gene	No	4023	None	No	N/A	5-oxoprolinase, putative
LdBPK_190660.1	LdBPK_190660.1.1	DNA-directed RNA polymerases I and III subunit RPAC1, putative	RPC40	69	0	N/A	N/A	N/A	N/A	N/A	N/A	N/A	N/A	N/A	N/A	N/A	N/A	N/A	N/A	Leishmania donovani BPK282A1	1	1	1	N/A	N/A	forward	protein coding gene	No	1329	None	No	N/A	DNA-directed RNA polymerases I and III subunit RPAC1, putative
LdBPK_190760.1	LdBPK_190760.1.1	transporter, putative	N/A	89	0	N/A	N/A	N/A	N/A	N/A	N/A	N/A	N/A	N/A	N/A	N/A	N/A	N/A	N/A	Leishmania donovani BPK282A1	1	1	1	N/A	N/A	forward	protein coding gene	No	1476	None	No	N/A	transporter, putative
LdBPK_191590.1	LdBPK_191590.1.1	inosine-5'-monophosphate dehydrogenase	N/A	148	1	N/A	N/A	N/A	N/A	N/A	N/A	N/A	N/A	N/A	N/A	N/A	N/A	N/A	N/A	Leishmania donovani BPK282A1	1	1	1	N/A	N/A	forward	protein coding gene	No	1545	None	No	N/A	inosine-5'-monophosphate dehydrogenase
LdBPK_191690.1	LdBPK_191690.1.1	hypothetical protein	N/A	17	0	N/A	N/A	N/A	N/A	N/A	N/A	N/A	N/A	N/A	N/A	N/A	N/A	N/A	N/A	Leishmania donovani BPK282A1	1	1	1	N/A	N/A	forward	protein coding gene	No	684	None	No	Previous IDs: LdBPK_020720.1	hypothetical protein
LdBPK_200670.1	LdBPK_200670.1.1	hypothetical protein, conserved	N/A	69	0	N/A	N/A	N/A	N/A	N/A	N/A	N/A	N/A	N/A	N/A	N/A	N/A	N/A	N/A	Leishmania donovani BPK282A1	1	1	1	N/A	N/A	forward	protein coding gene	No	1221	None	No	N/A	hypothetical protein, conserved
LdBPK_201410.1	LdBPK_201410.1.1	pumilio protein, putative (fragment)	N/A	93	1	N/A	N/A	N/A	N/A	N/A	N/A	N/A	N/A	N/A	N/A	N/A	N/A	N/A	N/A	Leishmania donovani BPK282A1	1	1	1	N/A	N/A	forward	protein coding gene	No	1404	None	No	N/A	pumilio protein, putative (fragment)
LdBPK_210390.1	LdBPK_210390.1.1	Vps51/Vps67, putative	N/A	69	0	N/A	N/A	N/A	N/A	N/A	N/A	N/A	N/A	N/A	N/A	N/A	N/A	N/A	N/A	Leishmania donovani BPK282A1	1	1	1	N/A	N/A	forward	protein coding gene	No	3204	None	No	N/A	Vps51/Vps67, putative
LdBPK_211160.1	LdBPK_211160.1.1	histone H2A	N/A	663	1	N/A	N/A	N/A	N/A	N/A	N/A	N/A	N/A	N/A	N/A	N/A	N/A	N/A	N/A	Leishmania donovani BPK282A1	1	1	1	N/A	N/A	forward	protein coding gene	No	399	None	No	N/A	histone H2A
LdBPK_211170.1	LdBPK_211170.1.1	histone H2A, putative	N/A	663	1	N/A	N/A	N/A	N/A	N/A	N/A	N/A	N/A	N/A	N/A	N/A	N/A	N/A	N/A	Leishmania donovani BPK282A1	1	1	1	N/A	N/A	forward	protein coding gene	No	399	None	No	N/A	histone H2A, putative
LdBPK_212030.1	LdBPK_212030.1.1	hypothetical protein, conserved	N/A	68	0	N/A	N/A	N/A	N/A	N/A	N/A	N/A	N/A	N/A	N/A	N/A	N/A	N/A	N/A	Leishmania donovani BPK282A1	1	1	1	N/A	N/A	reverse	protein coding gene	No	1332	None	No	N/A	hypothetical protein, conserved
LdBPK_221010.1	LdBPK_221010.1.1	ChaC-like protein, putative	N/A	34	0	N/A	N/A	N/A	N/A	N/A	N/A	N/A	N/A	N/A	N/A	N/A	N/A	N/A	N/A	Leishmania donovani BPK282A1	1	1	1	N/A	N/A	forward	protein coding gene	No	843	None	No	Previous IDs: LdBPK_221020.1	ChaC-like protein, putative
LdBPK_230810.1	LdBPK_230810.1.1	hypothetical protein, conserved	N/A	63	0	N/A	N/A	N/A	N/A	N/A	N/A	N/A	N/A	N/A	N/A	N/A	N/A	N/A	N/A	Leishmania donovani BPK282A1	1	1	1	N/A	N/A	reverse	protein coding gene	No	1536	None	No	N/A	hypothetical protein, conserved
LdBPK_231130.1	LdBPK_231130.1.1	hypothetical protein, conserved	N/A	69	0	N/A	N/A	N/A	N/A	N/A	N/A	N/A	N/A	N/A	N/A	N/A	N/A	N/A	N/A	Leishmania donovani BPK282A1	1	1	1	N/A	N/A	reverse	protein coding gene	No	2076	None	No	N/A	hypothetical protein, conserved
LdBPK_231190.1	LdBPK_231190.1.1	hypothetical protein, unknown function	N/A	28	0	N/A	N/A	N/A	N/A	N/A	N/A	N/A	N/A	N/A	N/A	N/A	N/A	N/A	N/A	Leishmania donovani BPK282A1	1	1	1	N/A	N/A	reverse	protein coding gene	No	324	None	No	N/A	hypothetical protein, unknown function
LdBPK_231320.1	LdBPK_231320.1.1	hypothetical protein, unknown function (fragment)	N/A	44	1	N/A	N/A	N/A	N/A	N/A	N/A	N/A	N/A	N/A	N/A	N/A	N/A	N/A	N/A	Leishmania donovani BPK282A1	1	1	1	N/A	N/A	reverse	protein coding gene	No	888	None	No	N/A	hypothetical protein, unknown function (fragment)
LdBPK_240030.1	LdBPK_240030.1.1	hypothetical protein, conserved	N/A	57	0	N/A	N/A	N/A	N/A	N/A	N/A	N/A	N/A	N/A	N/A	N/A	N/A	N/A	N/A	Leishmania donovani BPK282A1	1	1	1	N/A	N/A	forward	protein coding gene	No	501	None	No	N/A	hypothetical protein, conserved
LdBPK_240120.1	LdBPK_240120.1.1	WD40/YVTN repeat-like-containing protein	N/A	67	0	N/A	N/A	N/A	N/A	N/A	N/A	N/A	N/A	N/A	N/A	N/A	N/A	N/A	N/A	Leishmania donovani BPK282A1	1	1	1	N/A	N/A	forward	protein coding gene	No	1668	None	No	N/A	WD40/YVTN repeat-like-containing protein
LdBPK_240360.1	LdBPK_240360.1.1	UDP-galactose transporter	N/A	141	1	N/A	N/A	N/A	N/A	N/A	N/A	N/A	N/A	N/A	N/A	N/A	N/A	N/A	N/A	Leishmania donovani BPK282A1	1	1	1	N/A	N/A	forward	protein coding gene	No	468	None	No	N/A	UDP-galactose transporter
LdBPK_240690.1	LdBPK_240690.1.1	myo-inositol/proton symporter (MIT)	N/A	67	0	N/A	N/A	N/A	N/A	N/A	N/A	N/A	N/A	N/A	N/A	N/A	N/A	N/A	N/A	Leishmania donovani BPK282A1	1	1	1	N/A	N/A	forward	protein coding gene	No	1644	None	No	N/A	myo-inositol/proton symporter (MIT)
LdBPK_240930.1	LdBPK_240930.1.1	minchromosome maintenance (MCM) complex subunit, putative	N/A	69	0	N/A	N/A	N/A	N/A	N/A	N/A	N/A	N/A	N/A	N/A	N/A	N/A	N/A	N/A	Leishmania donovani BPK282A1	1	1	1	N/A	N/A	forward	protein coding gene	No	2406	None	No	N/A	minchromosome maintenance (MCM) complex subunit, putative
LdBPK_250460.1	LdBPK_250460.1.1	50S ribosome-binding GTPase, putative	N/A	68	0	N/A	N/A	N/A	N/A	N/A	N/A	N/A	N/A	N/A	N/A	N/A	N/A	N/A	N/A	Leishmania donovani BPK282A1	1	1	1	N/A	N/A	reverse	protein coding gene	No	1428	None	No	N/A	50S ribosome-binding GTPase, putative
LdBPK_251120.1	LdBPK_251120.1.1	hypothetical protein, conserved	N/A	69	0	N/A	N/A	N/A	N/A	N/A	N/A	N/A	N/A	N/A	N/A	N/A	N/A	N/A	N/A	Leishmania donovani BPK282A1	1	1	1	N/A	N/A	forward	protein coding gene	No	1347	None	No	N/A	hypothetical protein, conserved
LdBPK_251860.1	LdBPK_251860.1.1	ATP-grasp domain containing protein, putative	N/A	71	0	N/A	N/A	N/A	N/A	N/A	N/A	N/A	N/A	N/A	N/A	N/A	N/A	N/A	N/A	Leishmania donovani BPK282A1	1	1	1	N/A	N/A	reverse	protein coding gene	No	1590	None	No	N/A	ATP-grasp domain containing protein, putative
LdBPK_260090.1	LdBPK_260090.1.1	hypothetical protein, conserved	N/A	83	0	N/A	N/A	N/A	N/A	N/A	N/A	N/A	N/A	N/A	N/A	N/A	N/A	N/A	N/A	Leishmania donovani BPK282A1	1	1	1	N/A	N/A	reverse	protein coding gene	No	1413	None	No	Previous IDs: LdBPK_260100.1	hypothetical protein, conserved
LdBPK_260980.1	LdBPK_260980.1.1	hypothetical protein, conserved	N/A	67	0	N/A	N/A	N/A	N/A	N/A	N/A	N/A	N/A	N/A	N/A	N/A	N/A	N/A	N/A	Leishmania donovani BPK282A1	1	1	1	N/A	N/A	reverse	protein coding gene	No	1233	None	No	N/A	hypothetical protein, conserved
LdBPK_261910.1	LdBPK_261910.1.1	hypothetical protein, conserved	N/A	147	1	N/A	N/A	N/A	N/A	N/A	N/A	N/A	N/A	N/A	N/A	N/A	N/A	N/A	N/A	Leishmania donovani BPK282A1	1	1	1	N/A	N/A	forward	protein coding gene	No	3669	None	No	N/A	hypothetical protein, conserved
LdBPK_261920.1	LdBPK_261920.1.1	hypothetical protein, conserved	N/A	70	0	N/A	N/A	N/A	N/A	N/A	N/A	N/A	N/A	N/A	N/A	N/A	N/A	N/A	N/A	Leishmania donovani BPK282A1	1	1	1	N/A	N/A	forward	protein coding gene	No	981	None	No	N/A	hypothetical protein, conserved
LdBPK_271940.1	LdBPK_271940.1.1	D-lactate dehydrogenase-like protein	N/A	154	2	N/A	N/A	N/A	N/A	N/A	N/A	N/A	N/A	N/A	N/A	N/A	N/A	N/A	N/A	Leishmania donovani BPK282A1	1	1	1	N/A	N/A	reverse	protein coding gene	No	1482	None	No	N/A	D-lactate dehydrogenase-like protein
LdBPK_271960.1	LdBPK_271960.1.1	Transmembrane adaptor Erv26, putative	N/A	65	0	N/A	N/A	N/A	N/A	N/A	N/A	N/A	N/A	N/A	N/A	N/A	N/A	N/A	N/A	Leishmania donovani BPK282A1	1	1	1	N/A	N/A	reverse	protein coding gene	No	687	None	No	N/A	Transmembrane adaptor Erv26, putative
LdBPK_272020.1	LdBPK_272020.1.1	RNA-binding protein, putative	N/A	67	0	N/A	N/A	N/A	N/A	N/A	N/A	N/A	N/A	N/A	N/A	N/A	N/A	N/A	N/A	Leishmania donovani BPK282A1	1	1	1	N/A	N/A	reverse	protein coding gene	No	1212	None	No	N/A	RNA-binding protein, putative
LdBPK_272470.1	LdBPK_272470.1.1	hypothetical protein, conserved (fragment)	N/A	76	1	N/A	N/A	N/A	N/A	N/A	N/A	N/A	N/A	N/A	N/A	N/A	N/A	N/A	N/A	Leishmania donovani BPK282A1	1	1	1	N/A	N/A	forward	protein coding gene	No	1284	None	No	Previous IDs: LdBPK_020730.1	hypothetical protein, conserved (fragment)
LdBPK_280260.1	LdBPK_280260.1.1	propionyl-coa carboxylase beta chain, putative	N/A	36	0	N/A	N/A	N/A	N/A	N/A	N/A	N/A	N/A	N/A	N/A	N/A	N/A	N/A	N/A	Leishmania donovani BPK282A1	1	1	1	N/A	N/A	forward	protein coding gene	No	1569	None	No	Previous IDs: LdBPK_280250.1	propionyl-coa carboxylase beta chain, putative
LdBPK_281080.1	LdBPK_281080.1.1	Serine incorporator (Serinc), putative	N/A	72	0	N/A	N/A	N/A	N/A	N/A	N/A	N/A	N/A	N/A	N/A	N/A	N/A	N/A	N/A	Leishmania donovani BPK282A1	1	1	1	N/A	N/A	forward	protein coding gene	No	1251	None	No	N/A	Serine incorporator (Serinc), putative
LdBPK_281300.1	LdBPK_281300.1.1	copine i-like protein	N/A	51	0	N/A	N/A	N/A	N/A	N/A	N/A	N/A	N/A	N/A	N/A	N/A	N/A	N/A	N/A	Leishmania donovani BPK282A1	1	1	1	N/A	N/A	forward	protein coding gene	No	1527	None	No	N/A	copine i-like protein
LdBPK_281310.1	LdBPK_281310.1.1	luminal binding protein 1 (BiP), putative	BiP	642	5	N/A	N/A	N/A	N/A	N/A	N/A	N/A	N/A	N/A	N/A	N/A	N/A	N/A	N/A	Leishmania donovani BPK282A1	1	1	1	N/A	N/A	forward	protein coding gene	No	1977	None	No	N/A	luminal binding protein 1 (BiP), putative
LdBPK_281490.1	LdBPK_281490.1.1	haloacid dehalogenase-like hydrolase-like protein	N/A	37	0	N/A	N/A	N/A	N/A	N/A	N/A	N/A	N/A	N/A	N/A	N/A	N/A	N/A	N/A	Leishmania donovani BPK282A1	1	1	1	N/A	N/A	forward	protein coding gene	No	1209	None	No	N/A	haloacid dehalogenase-like hydrolase-like protein
LdBPK_281600.1	LdBPK_281600.1.1	Qa-SNARE protein (fragment)	N/A	86	0	N/A	N/A	N/A	N/A	N/A	N/A	N/A	N/A	N/A	N/A	N/A	N/A	N/A	N/A	Leishmania donovani BPK282A1	1	1	1	N/A	N/A	forward	protein coding gene	No	750	None	No	N/A	Qa-SNARE protein (fragment)
LdBPK_281850.1	LdBPK_281850.1.1	proteasome regulatory non-ATP-ase subunit 2, putative	N/A	67	0	N/A	N/A	N/A	N/A	N/A	N/A	N/A	N/A	N/A	N/A	N/A	N/A	N/A	N/A	Leishmania donovani BPK282A1	1	1	1	N/A	N/A	reverse	protein coding gene	No	2976	None	No	N/A	proteasome regulatory non-ATP-ase subunit 2, putative
LdBPK_282370.1	LdBPK_282370.1.1	glycoprotein 96-92, putative	N/A	34	0	N/A	N/A	N/A	N/A	N/A	N/A	N/A	N/A	N/A	N/A	N/A	N/A	N/A	N/A	Leishmania donovani BPK282A1	1	1	1	N/A	N/A	forward	protein coding gene	No	1206	None	No	N/A	glycoprotein 96-92, putative
LdBPK_283200.1	LdBPK_283200.1.1	hypothetical protein	N/A	0	0	N/A	N/A	N/A	N/A	N/A	N/A	N/A	N/A	N/A	N/A	N/A	N/A	N/A	N/A	Leishmania donovani BPK282A1	1	1	1	N/A	N/A	reverse	pseudogene	Yes	2672	None	No	N/A	hypothetical protein
LdBPK_290140.1	LdBPK_290140.1.1	DNA-directed RNA polymerase II subunit 3, putative	RPB3	67	0	N/A	N/A	N/A	N/A	N/A	N/A	N/A	N/A	N/A	N/A	N/A	N/A	N/A	N/A	Leishmania donovani BPK282A1	1	1	1	N/A	N/A	reverse	protein coding gene	No	1014	None	No	N/A	DNA-directed RNA polymerase II subunit 3, putative
LdBPK_290500.1	LdBPK_290500.1.1	hypothetical protein, conserved	N/A	72	0	N/A	N/A	N/A	N/A	N/A	N/A	N/A	N/A	N/A	N/A	N/A	N/A	N/A	N/A	Leishmania donovani BPK282A1	1	1	1	N/A	N/A	reverse	protein coding gene	No	1095	None	No	N/A	hypothetical protein, conserved
LdBPK_290850.1	LdBPK_290850.1.1	hypothetical protein, conserved	N/A	35	0	N/A	N/A	N/A	N/A	N/A	N/A	N/A	N/A	N/A	N/A	N/A	N/A	N/A	N/A	Leishmania donovani BPK282A1	1	1	1	N/A	N/A	reverse	protein coding gene	No	1857	None	No	N/A	hypothetical protein, conserved
LdBPK_291000.1	LdBPK_291000.1.1	LETM1 and EF-hand domain-containing protein 1, putative	N/A	67	0	N/A	N/A	N/A	N/A	N/A	N/A	N/A	N/A	N/A	N/A	N/A	N/A	N/A	N/A	Leishmania donovani BPK282A1	1	1	1	N/A	N/A	forward	protein coding gene	No	1509	None	No	N/A	LETM1 and EF-hand domain-containing protein 1, putative
LdBPK_291400.1	LdBPK_291400.1.1	carnitine/choline acetyltransferase, putative	N/A	72	0	N/A	N/A	N/A	N/A	N/A	N/A	N/A	N/A	N/A	N/A	N/A	N/A	N/A	N/A	Leishmania donovani BPK282A1	1	1	1	N/A	N/A	forward	protein coding gene	No	1884	None	No	N/A	carnitine/choline acetyltransferase, putative
LdBPK_292620.1	LdBPK_292620.1.1	ATP-dependent 6-phosphofructokinase, glycosomal	PFK	70	0	N/A	N/A	N/A	N/A	N/A	N/A	N/A	N/A	N/A	N/A	N/A	N/A	N/A	N/A	Leishmania donovani BPK282A1	1	1	1	N/A	N/A	forward	protein coding gene	No	1461	None	No	N/A	ATP-dependent 6-phosphofructokinase, glycosomal
LdBPK_292660.1	LdBPK_292660.1.1	RNA polymerase-associated protein CTR9, putative	N/A	121	0	N/A	N/A	N/A	N/A	N/A	N/A	N/A	N/A	N/A	N/A	N/A	N/A	N/A	N/A	Leishmania donovani BPK282A1	1	1	1	N/A	N/A	forward	protein coding gene	No	2622	None	No	N/A	RNA polymerase-associated protein CTR9, putative
LdBPK_300050.1	LdBPK_300050.1.1	MATH domain containing protein, putative	N/A	70	0	N/A	N/A	N/A	N/A	N/A	N/A	N/A	N/A	N/A	N/A	N/A	N/A	N/A	N/A	Leishmania donovani BPK282A1	1	1	1	N/A	N/A	reverse	protein coding gene	No	2289	None	No	N/A	MATH domain containing protein, putative
LdBPK_300250.1	LdBPK_300250.1.1	ubiquitin hydrolase, putative	N/A	69	0	N/A	N/A	N/A	N/A	N/A	N/A	N/A	N/A	N/A	N/A	N/A	N/A	N/A	N/A	Leishmania donovani BPK282A1	1	1	1	N/A	N/A	reverse	protein coding gene	No	3399	None	No	N/A	ubiquitin hydrolase, putative
LdBPK_301300.1	LdBPK_301300.1.1	calcium-binding protein, putative	N/A	0	0	N/A	N/A	N/A	N/A	N/A	N/A	N/A	N/A	N/A	N/A	N/A	N/A	N/A	N/A	Leishmania donovani BPK282A1	1	1	1	N/A	N/A	forward	protein coding gene	No	300	None	No	N/A	calcium-binding protein, putative
LdBPK_302130.1	LdBPK_302130.1.1	Oligomerisation domain containing protein, putative	N/A	0	0	N/A	N/A	N/A	N/A	N/A	N/A	N/A	N/A	N/A	N/A	N/A	N/A	N/A	N/A	Leishmania donovani BPK282A1	1	1	1	N/A	N/A	reverse	protein coding gene	No	288	None	No	N/A	Oligomerisation domain containing protein, putative
LdBPK_302620.1	LdBPK_302620.1.1	replication factor C, subunit 2, putative	N/A	68	0	N/A	N/A	N/A	N/A	N/A	N/A	N/A	N/A	N/A	N/A	N/A	N/A	N/A	N/A	Leishmania donovani BPK282A1	1	1	1	N/A	N/A	reverse	protein coding gene	No	1065	None	No	N/A	replication factor C, subunit 2, putative
LdBPK_302830.1	LdBPK_302830.1.1	chaperonin HSP60/CNP60, putative	N/A	66	0	N/A	N/A	N/A	N/A	N/A	N/A	N/A	N/A	N/A	N/A	N/A	N/A	N/A	N/A	Leishmania donovani BPK282A1	1	1	1	N/A	N/A	reverse	protein coding gene	No	1617	None	No	N/A	chaperonin HSP60/CNP60, putative
LdBPK_303120.1	LdBPK_303120.1.1	homoserine kinase	HSK	67	0	N/A	N/A	N/A	N/A	N/A	N/A	N/A	N/A	N/A	N/A	N/A	N/A	N/A	N/A	Leishmania donovani BPK282A1	1	1	1	N/A	N/A	reverse	protein coding gene	No	1026	None	No	N/A	homoserine kinase
LdBPK_310110.1	LdBPK_310110.1.1	O-sialoglycoprotein endopeptidase, putative	N/A	74	0	N/A	N/A	N/A	N/A	N/A	N/A	N/A	N/A	N/A	N/A	N/A	N/A	N/A	N/A	Leishmania donovani BPK282A1	1	1	1	N/A	N/A	reverse	protein coding gene	No	1095	None	No	N/A	O-sialoglycoprotein endopeptidase, putative
LdBPK_310170.1	LdBPK_310170.1.1	DNA-directed RNA polymerase II subunit 2, putative	RPB2	144	0	N/A	N/A	N/A	N/A	N/A	N/A	N/A	N/A	N/A	N/A	N/A	N/A	N/A	N/A	Leishmania donovani BPK282A1	1	1	1	N/A	N/A	reverse	protein coding gene	No	3546	None	No	N/A	DNA-directed RNA polymerase II subunit 2, putative
LdBPK_310350.1	LdBPK_310350.1.1	amino acid transporter, putative	N/A	194	2	N/A	N/A	N/A	N/A	N/A	N/A	N/A	N/A	N/A	N/A	N/A	N/A	N/A	N/A	Leishmania donovani BPK282A1	1	1	1	N/A	N/A	reverse	protein coding gene	No	1503	None	No	Previous IDs: LdBPK_272680.1	amino acid transporter, putative
LdBPK_310590.1	LdBPK_310590.1.1	amino acid transporter aATP11, putative	N/A	637	0	N/A	N/A	N/A	N/A	N/A	N/A	N/A	N/A	N/A	N/A	N/A	N/A	N/A	N/A	Leishmania donovani BPK282A1	1	1	1	N/A	N/A	reverse	protein coding gene	No	1419	None	No	N/A	amino acid transporter aATP11, putative
LdBPK_311240.1	LdBPK_311240.1.1	Pyrophosphate-energized vacuolar membrane proton pump 1, putative	VP1	72	0	N/A	N/A	N/A	N/A	N/A	N/A	N/A	N/A	N/A	N/A	N/A	N/A	N/A	N/A	Leishmania donovani BPK282A1	1	1	1	N/A	N/A	reverse	protein coding gene	No	2406	None	No	N/A	Pyrophosphate-energized vacuolar membrane proton pump 1, putative
LdBPK_311850.1	LdBPK_311850.1.1	amino acid permease (fragment)	N/A	72	3	N/A	N/A	N/A	N/A	N/A	N/A	N/A	N/A	N/A	N/A	N/A	N/A	N/A	N/A	Leishmania donovani BPK282A1	1	1	1	N/A	N/A	reverse	protein coding gene	No	888	None	No	N/A	amino acid permease (fragment)
LdBPK_311910.1	LdBPK_311910.1.1	hypothetical protein, unknown function	N/A	26	0	N/A	N/A	N/A	N/A	N/A	N/A	N/A	N/A	N/A	N/A	N/A	N/A	N/A	N/A	Leishmania donovani BPK282A1	1	1	1	N/A	N/A	reverse	protein coding gene	No	804	None	No	N/A	hypothetical protein, unknown function
LdBPK_311930.1	LdBPK_311930.1.1	ubiquitin-fusion protein	N/A	100	0	N/A	N/A	N/A	N/A	N/A	N/A	N/A	N/A	N/A	N/A	N/A	N/A	N/A	N/A	Leishmania donovani BPK282A1	1	1	1	N/A	N/A	reverse	protein coding gene	No	387	None	No	N/A	ubiquitin-fusion protein
LdBPK_312410.1	LdBPK_312410.1.1	p-nitrophenylphosphatase, putative	N/A	103	0	N/A	N/A	N/A	N/A	N/A	N/A	N/A	N/A	N/A	N/A	N/A	N/A	N/A	N/A	Leishmania donovani BPK282A1	1	1	1	N/A	N/A	reverse	protein coding gene	No	1242	None	No	N/A	p-nitrophenylphosphatase, putative
LdBPK_312700.1	LdBPK_312700.1.1	serine/threonine protein phosphatase pp1(5.9), putative	N/A	141	1	N/A	N/A	N/A	N/A	N/A	N/A	N/A	N/A	N/A	N/A	N/A	N/A	N/A	N/A	Leishmania donovani BPK282A1	1	1	1	N/A	N/A	reverse	protein coding gene	No	1098	None	No	N/A	serine/threonine protein phosphatase pp1(5.9), putative
LdBPK_313260.1	LdBPK_313260.1.1	methylcrotonoyl-coa carboxylase biotinylated subunitprotein-like protein	N/A	113	1	N/A	N/A	N/A	N/A	N/A	N/A	N/A	N/A	N/A	N/A	N/A	N/A	N/A	N/A	Leishmania donovani BPK282A1	1	1	1	N/A	N/A	reverse	protein coding gene	No	2064	None	No	N/A	methylcrotonoyl-coa carboxylase biotinylated subunitprotein-like protein
LdBPK_320460.1	LdBPK_320460.1.1	40S ribosomal protein S2	N/A	140	0	N/A	N/A	N/A	N/A	N/A	N/A	N/A	N/A	N/A	N/A	N/A	N/A	N/A	N/A	Leishmania donovani BPK282A1	1	1	1	N/A	N/A	reverse	protein coding gene	No	795	None	No	N/A	40S ribosomal protein S2
LdBPK_320610.1	LdBPK_320610.1.1	hypothetical protein, conserved	N/A	66	0	N/A	N/A	N/A	N/A	N/A	N/A	N/A	N/A	N/A	N/A	N/A	N/A	N/A	N/A	Leishmania donovani BPK282A1	1	1	1	N/A	N/A	forward	protein coding gene	No	1764	None	No	N/A	hypothetical protein, conserved
LdBPK_320710.1	LdBPK_320710.1.1	OSM3-like kinesin, putative	N/A	69	0	N/A	N/A	N/A	N/A	N/A	N/A	N/A	N/A	N/A	N/A	N/A	N/A	N/A	N/A	Leishmania donovani BPK282A1	1	1	1	N/A	N/A	forward	protein coding gene	No	3354	None	No	N/A	OSM3-like kinesin, putative
LdBPK_321180.1	LdBPK_321180.1.1	mitochondrial carrier protein-like protein	N/A	200	2	N/A	N/A	N/A	N/A	N/A	N/A	N/A	N/A	N/A	N/A	N/A	N/A	N/A	N/A	Leishmania donovani BPK282A1	1	1	1	N/A	N/A	forward	protein coding gene	No	1014	None	No	N/A	mitochondrial carrier protein-like protein
LdBPK_322280.1	LdBPK_322280.1.1	hypothetical protein, conserved	N/A	69	0	N/A	N/A	N/A	N/A	N/A	N/A	N/A	N/A	N/A	N/A	N/A	N/A	N/A	N/A	Leishmania donovani BPK282A1	1	1	1	N/A	N/A	reverse	protein coding gene	No	3249	None	No	N/A	hypothetical protein, conserved
LdBPK_322960.1	LdBPK_322960.1.1	proteasome regulatory non-ATP-ase subunit, putative	N/A	69	0	N/A	N/A	N/A	N/A	N/A	N/A	N/A	N/A	N/A	N/A	N/A	N/A	N/A	N/A	Leishmania donovani BPK282A1	1	1	1	N/A	N/A	reverse	protein coding gene	No	1227	None	No	N/A	proteasome regulatory non-ATP-ase subunit, putative
LdBPK_323470.1	LdBPK_323470.1.1	chaperonin alpha subunit, putative	N/A	68	0	N/A	N/A	N/A	N/A	N/A	N/A	N/A	N/A	N/A	N/A	N/A	N/A	N/A	N/A	Leishmania donovani BPK282A1	1	1	1	N/A	N/A	forward	protein coding gene	No	1641	None	No	N/A	chaperonin alpha subunit, putative
LdBPK_330280.1	LdBPK_330280.1.1	RGG-containing protein 2, putative	RGG2	62	0	N/A	N/A	N/A	N/A	N/A	N/A	N/A	N/A	N/A	N/A	N/A	N/A	N/A	N/A	Leishmania donovani BPK282A1	1	1	1	N/A	N/A	reverse	protein coding gene	No	840	None	No	N/A	RGG-containing protein 2, putative
LdBPK_330960.1	LdBPK_330960.1.1	40S ribosomal protein S3, putative	N/A	123	0	N/A	N/A	N/A	N/A	N/A	N/A	N/A	N/A	N/A	N/A	N/A	N/A	N/A	N/A	Leishmania donovani BPK282A1	1	1	1	N/A	N/A	forward	protein coding gene	No	1029	None	No	N/A	40S ribosomal protein S3, putative
LdBPK_332400.1	LdBPK_332400.1.1	hypothetical protein, conserved	N/A	32	0	N/A	N/A	N/A	N/A	N/A	N/A	N/A	N/A	N/A	N/A	N/A	N/A	N/A	N/A	Leishmania donovani BPK282A1	1	1	1	N/A	N/A	forward	protein coding gene	No	921	None	No	N/A	hypothetical protein, conserved
LdBPK_340180.1	LdBPK_340180.1.1	Nucleolar protein 12 (25kDa), putative	N/A	70	0	N/A	N/A	N/A	N/A	N/A	N/A	N/A	N/A	N/A	N/A	N/A	N/A	N/A	N/A	Leishmania donovani BPK282A1	1	1	1	N/A	N/A	forward	protein coding gene	No	960	None	No	N/A	Nucleolar protein 12 (25kDa), putative
LdBPK_340900.1	LdBPK_340900.1.1	serine/threonine-protein phosphatase PP1, putative	N/A	69	0	N/A	N/A	N/A	N/A	N/A	N/A	N/A	N/A	N/A	N/A	N/A	N/A	N/A	N/A	Leishmania donovani BPK282A1	1	1	1	N/A	N/A	forward	protein coding gene	No	891	None	No	N/A	serine/threonine-protein phosphatase PP1, putative
LdBPK_342510.1	LdBPK_342510.1.1	WD domain, G-beta repeat, putative	N/A	69	0	N/A	N/A	N/A	N/A	N/A	N/A	N/A	N/A	N/A	N/A	N/A	N/A	N/A	N/A	Leishmania donovani BPK282A1	1	1	1	N/A	N/A	forward	protein coding gene	No	1644	None	No	N/A	WD domain, G-beta repeat, putative
LdBPK_343380.1	LdBPK_343380.1.1	adenosine kinase-like protein	N/A	130	1	N/A	N/A	N/A	N/A	N/A	N/A	N/A	N/A	N/A	N/A	N/A	N/A	N/A	N/A	Leishmania donovani BPK282A1	1	1	1	N/A	N/A	forward	protein coding gene	No	1167	None	No	N/A	adenosine kinase-like protein
LdBPK_343890.1	LdBPK_343890.1.1	ubiquitin hydrolase, putative	N/A	62	0	N/A	N/A	N/A	N/A	N/A	N/A	N/A	N/A	N/A	N/A	N/A	N/A	N/A	N/A	Leishmania donovani BPK282A1	1	1	1	N/A	N/A	forward	protein coding gene	No	2721	None	No	N/A	ubiquitin hydrolase, putative
LdBPK_350370.1	LdBPK_350370.1.1	ATP-dependent DEAD-box RNA helicase, putative	N/A	63	0	N/A	N/A	N/A	N/A	N/A	N/A	N/A	N/A	N/A	N/A	N/A	N/A	N/A	N/A	Leishmania donovani BPK282A1	1	1	1	N/A	N/A	forward	protein coding gene	No	1218	None	No	N/A	ATP-dependent DEAD-box RNA helicase, putative
LdBPK_350460.1	LdBPK_350460.1.1	hypothetical protein, conserved	N/A	15	0	N/A	N/A	N/A	N/A	N/A	N/A	N/A	N/A	N/A	N/A	N/A	N/A	N/A	N/A	Leishmania donovani BPK282A1	1	1	1	N/A	N/A	forward	protein coding gene	No	660	None	No	N/A	hypothetical protein, conserved
LdBPK_350730.1	LdBPK_350730.1.1	hypothetical protein, conserved	N/A	65	0	N/A	N/A	N/A	N/A	N/A	N/A	N/A	N/A	N/A	N/A	N/A	N/A	N/A	N/A	Leishmania donovani BPK282A1	1	1	1	N/A	N/A	forward	protein coding gene	No	1506	None	No	N/A	hypothetical protein, conserved
LdBPK_350970.1	LdBPK_350970.1.1	cell cycle sequence binding phosphoprotein (RBP33), putative	N/A	212	2	N/A	N/A	N/A	N/A	N/A	N/A	N/A	N/A	N/A	N/A	N/A	N/A	N/A	N/A	Leishmania donovani BPK282A1	1	1	1	N/A	N/A	forward	protein coding gene	No	1242	None	No	N/A	cell cycle sequence binding phosphoprotein (RBP33), putative
LdBPK_351030.1	LdBPK_351030.1.1	casein kinase, putative	N/A	301	0	N/A	N/A	N/A	N/A	N/A	N/A	N/A	N/A	N/A	N/A	N/A	N/A	N/A	N/A	Leishmania donovani BPK282A1	1	1	1	N/A	N/A	forward	protein coding gene	No	1062	None	No	N/A	casein kinase, putative
LdBPK_351160.1	LdBPK_351160.1.1	oligosaccharyl transferase-like protein	N/A	255	3	N/A	N/A	N/A	N/A	N/A	N/A	N/A	N/A	N/A	N/A	N/A	N/A	N/A	N/A	Leishmania donovani BPK282A1	1	1	1	N/A	N/A	forward	protein coding gene	No	2385	None	No	N/A	oligosaccharyl transferase-like protein
LdBPK_351190.1	LdBPK_351190.1.1	NADH-dependent fumarate reductase, putative	N/A	264	3	N/A	N/A	N/A	N/A	N/A	N/A	N/A	N/A	N/A	N/A	N/A	N/A	N/A	N/A	Leishmania donovani BPK282A1	1	1	1	N/A	N/A	forward	protein coding gene	No	3444	None	No	N/A	NADH-dependent fumarate reductase, putative
LdBPK_351820.1	LdBPK_351820.1.1	hypothetical protein, conserved	N/A	73	0	N/A	N/A	N/A	N/A	N/A	N/A	N/A	N/A	N/A	N/A	N/A	N/A	N/A	N/A	Leishmania donovani BPK282A1	1	1	1	N/A	N/A	forward	protein coding gene	No	2220	None	No	N/A	hypothetical protein, conserved
LdBPK_352390.1	LdBPK_352390.1.1	ribonuclease, putative	N/A	74	0	N/A	N/A	N/A	N/A	N/A	N/A	N/A	N/A	N/A	N/A	N/A	N/A	N/A	N/A	Leishmania donovani BPK282A1	1	1	1	N/A	N/A	forward	protein coding gene	No	2034	None	No	N/A	ribonuclease, putative
LdBPK_354000.1	LdBPK_354000.1.1	PRP8 protein homologue, putative	N/A	72	0	N/A	N/A	N/A	N/A	N/A	N/A	N/A	N/A	N/A	N/A	N/A	N/A	N/A	N/A	Leishmania donovani BPK282A1	1	1	1	N/A	N/A	forward	protein coding gene	No	7284	None	No	N/A	PRP8 protein homologue, putative
LdBPK_355020.1	LdBPK_355020.1.1	hypothetical protein, conserved	N/A	68	0	N/A	N/A	N/A	N/A	N/A	N/A	N/A	N/A	N/A	N/A	N/A	N/A	N/A	N/A	Leishmania donovani BPK282A1	1	1	1	N/A	N/A	forward	protein coding gene	No	1029	None	No	N/A	hypothetical protein, conserved
LdBPK_360040.1	LdBPK_360040.1.1	N-acetylglucosamine-6-phosphate deacetylase-like protein	N/A	57	0	N/A	N/A	N/A	N/A	N/A	N/A	N/A	N/A	N/A	N/A	N/A	N/A	N/A	N/A	Leishmania donovani BPK282A1	1	1	1	N/A	N/A	reverse	protein coding gene	No	1299	None	No	N/A	N-acetylglucosamine-6-phosphate deacetylase-like protein
LdBPK_360660.1	LdBPK_360660.1.1	ubiquitin/ribosomal protein S27a, putative	N/A	126	1	N/A	N/A	N/A	N/A	N/A	N/A	N/A	N/A	N/A	N/A	N/A	N/A	N/A	N/A	Leishmania donovani BPK282A1	1	1	1	N/A	N/A	forward	protein coding gene	No	459	None	No	N/A	ubiquitin/ribosomal protein S27a, putative
LdBPK_360880.1	LdBPK_360880.1.1	ADP-ribosylation factor-like protein	N/A	69	0	N/A	N/A	N/A	N/A	N/A	N/A	N/A	N/A	N/A	N/A	N/A	N/A	N/A	N/A	Leishmania donovani BPK282A1	1	1	1	N/A	N/A	forward	protein coding gene	No	906	None	No	N/A	ADP-ribosylation factor-like protein
LdBPK_361100.1	LdBPK_361100.1.1	Flagellar C1a complex subunit C1a-32, putative	N/A	68	0	N/A	N/A	N/A	N/A	N/A	N/A	N/A	N/A	N/A	N/A	N/A	N/A	N/A	N/A	Leishmania donovani BPK282A1	1	1	1	N/A	N/A	forward	protein coding gene	No	861	None	No	N/A	Flagellar C1a complex subunit C1a-32, putative
LdBPK_361420.1	LdBPK_361420.1.1	Valosin-containing protein, putative	VCP	71	0	N/A	N/A	N/A	N/A	N/A	N/A	N/A	N/A	N/A	N/A	N/A	N/A	N/A	N/A	Leishmania donovani BPK282A1	1	1	1	N/A	N/A	reverse	protein coding gene	No	2355	None	No	N/A	Valosin-containing protein, putative
LdBPK_361680.1	LdBPK_361680.1.1	universal minicircle sequence binding protein, putative	N/A	128	2	N/A	N/A	N/A	N/A	N/A	N/A	N/A	N/A	N/A	N/A	N/A	N/A	N/A	N/A	Leishmania donovani BPK282A1	1	1	1	N/A	N/A	reverse	protein coding gene	No	348	None	No	N/A	universal minicircle sequence binding protein, putative
LdBPK_361720.1	LdBPK_361720.1.1	universal minicircle sequence binding protein, putative	UMSBP	128	2	N/A	N/A	N/A	N/A	N/A	N/A	N/A	N/A	N/A	N/A	N/A	N/A	N/A	N/A	Leishmania donovani BPK282A1	1	1	1	N/A	N/A	reverse	protein coding gene	No	816	None	No	N/A	universal minicircle sequence binding protein, putative
LdBPK_362300.1	LdBPK_362300.1.1	NOL1/NOP2/sun family, putative	N/A	138	1	N/A	N/A	N/A	N/A	N/A	N/A	N/A	N/A	N/A	N/A	N/A	N/A	N/A	N/A	Leishmania donovani BPK282A1	1	1	1	N/A	N/A	forward	protein coding gene	No	2304	None	No	N/A	NOL1/NOP2/sun family, putative
LdBPK_363600.1	LdBPK_363600.1.1	Charged multivesicular body protein 3, putative	N/A	69	0	N/A	N/A	N/A	N/A	N/A	N/A	N/A	N/A	N/A	N/A	N/A	N/A	N/A	N/A	Leishmania donovani BPK282A1	1	1	1	N/A	N/A	reverse	protein coding gene	No	654	None	No	N/A	Charged multivesicular body protein 3, putative
LdBPK_366070.1	LdBPK_366070.1.1	mkiaa0324 protein-like protein	N/A	33	0	N/A	N/A	N/A	N/A	N/A	N/A	N/A	N/A	N/A	N/A	N/A	N/A	N/A	N/A	Leishmania donovani BPK282A1	1	1	1	N/A	N/A	reverse	protein coding gene	No	1503	None	No	N/A	mkiaa0324 protein-like protein
LdBPK_366320.1	LdBPK_366320.1.1	eukaryotic translation initation factor 4 gamma, putative, eukaryotic translation initiation factor 4 gamma 4	EIF4G4	68	0	N/A	N/A	N/A	N/A	N/A	N/A	N/A	N/A	N/A	N/A	N/A	N/A	N/A	N/A	Leishmania donovani BPK282A1	1	1	1	N/A	N/A	reverse	protein coding gene	No	2298	None	No	N/A	eukaryotic translation initiation factor 4 gamma 4
LdBPK_367190.1	LdBPK_367190.1.1	hypothetical protein, conserved	N/A	67	0	N/A	N/A	N/A	N/A	N/A	N/A	N/A	N/A	N/A	N/A	N/A	N/A	N/A	N/A	Leishmania donovani BPK282A1	1	1	1	N/A	N/A	reverse	protein coding gene	No	1290	None	No	N/A	hypothetical protein, conserved